frase_id;ord;token;pos;lema
1;1;minoria;n;minoria
1;2;doente;adj;doente
1;3;LGBT;N;lgbt
1;4;quer;v-fin;querer
1;5;impor;v-inf;impor
1;6;doenças;n;doença
1;7;mentais;adj;mental
1;8;pessoas;n;pessoa
1;9;normais;adj;normal
1;10;dar;v-inf;dar
1;11;mal;adv;mal
2;1;merda;n;merda
2;2;transformers;N;tram
2;3;LGBTs;N;lgbt
2;4;já;adv;já
2;5;passou;v-fin;passar
2;6;limites;n;limite
2;7;loucura;N;loucura
2;8;Acabem;N;acabem
2;9;maioria;n;maioria
2;10;povos;n;povo
2;11;já;adv;já
2;12;não;adv;não
2;13;pode;v-fin;poder
2;14;ouvir;v-inf;ouvir
2;15;falar;v-inf;falar
2;16;sequer;adv;sequer
2;17;compreende;v-fin;compreender
2;18;reflete-;N;reflete
2;19;eleições;n;eleição
2;20;países;n;paí
3;1;psicóloga;N;psicólogo
3;2;não-binário;N;não-binário
3;3;consulta;n;consulta
3;4;farei;v-fin;fazer
3;5;compreender;v-inf;compreender
3;6;indivíduo;n;indivíduo
3;7;momento;n;momento
3;8;acharei;N;acharei
3;9;normal;adj;normal
4;1;passado;v-pcp;passar
4;2;televisão;n;televisão
4;3;simplesmente;adv;simplesmente
4;4;vergonhoso;N;vergonhoso
4;5;Nunca;adv;nunca
4;6;mais;adv;mal
4;7;acaba;v-fin;acabar
4;8;doença;n;doença
5;1;porcaria;N;porcaria
5;2;passa;v-fin;passar
5;3;televisão;n;televisão
5;4;causa;n;causa
5;5;merda;n;merda
5;6;crianças;n;criança
5;7;estão;v-fin;estão
5;8;confusas;N;confusa
5;9;extraterrestre;N;extraterrestre
6;1;palhaçada;N;palhaçado
6;2;sinto-;v-fin;sentir
6;3;XYZ;N;xyz
6;4;já;adv;já
6;5;deixou;v-fin;deixar
6;6;graça;n;graça
6;7;só;adv;só
6;8;dar;v-inf;dar
6;9;pontapé;N;pontapé
6;10;pedra;n;pedra
6;11;aparece;v-fin;aparecer
6;12;logo;adv;logo
6;13;mulher;n;homem
6;14;cromossomas;N;cromossoma
6;15;Fogo;n;fogo
7;1;Epá;N;epá
7;2;deixem-;N;deixem
7;3;merdas;N;merda
7;4;homem;n;homem
7;5;homem;n;homem
7;6;mesmo;adv;mesmo
7;7;vista;n;vista
7;8;saias;N;saia
7;9;fim;n;fim
7;10;vida;n;vida
7;11;mundo;n;mundo
7;12;precisa;v-fin;precisar
7;13;Trump;N;trump
7;14;Orbán;N;orbán
7;15;Milene;N;milei
7;16;Putin;N;putin
7;17;juntos;v-pcp;juntar
7;18;acabar;v-inf;acabar
7;19;porcaria;N;porcaria
7;20;Basta;N;basta
7;21;nojeira;N;nojeira
8;1;porcaria;N;porcaria
8;2;esquerda;n;esquerda
8;3;sebosa;N;seboso
8;4;vindo;v-pcp;vir
8;5;incentivar;v-inf;incentivar
8;6;apoiar;v-inf;apoiar
8;7;aberração;n;aberração
8;8;produto;n;produto
8;9;Ocidente;n;ocidente
8;10;doente;adj;doente
8;11;decadente;N;decadente
9;1;Agora;adv;agora
9;2;empresas;n;empresa
9;3;mudar;v-inf;mudar
9;4;sistema;n;sistema
9;5;causa;n;causa
9;6;doentes;adj;doente
9;7;só;adv;só
9;8;olhar;v-inf;olhar
9;9;pernas;n;perna
9;10;vê-;v-fin;ver
9;11;logo;adv;logo
9;12;Nojo;N;nojo
9;13;porcaria;N;porcaria
10;1;chapadas;N;chapada
10;2;paneleiro;N;paneleiro
10;3;passava;v-fin;passar
10;4;logo;adv;logo
10;5;ternário;N;ternário
11;1;género;n;género
11;2;construção;n;construção
11;3;social;adj;social
11;4;Então;adv;então
11;5;posso;v-fin;poder
11;6;identificar-;N;identificar
11;7;pedaço;N;pedaço
11;8;merda;n;merda
11;9;questão;n;questão
11;10;perspetiva;N;perspetiva
12;1;Existem;v-fin;existir
12;2;dois;num;doil
12;3;géneros;N;género
12;4;masculino;adj;masculino
12;5;feminino;adj;feminino
12;6;resto;n;resto
12;7;casos;n;caso
12;8;psiquiatria;N;psiquiatria
13;1;exército;n;exército
13;2;precisa;v-fin;precisar
13;3;homens;n;homem
13;4;sério;n;sério
13;5;força;n;força
13;6;física;adj;físico
13;7;mental;adj;mental
13;8;aguentar;N;aguentar
13;9;guerra;n;guerra
13;10;Não;adv;não
13;11;precisa;v-fin;precisar
13;12;doentes;adj;doente
13;13;mentais;adj;mental
13;14;prioridade;n;prioridade
13;15;meio;n;meio
13;16;pernas;n;perna
14;1;mundo;n;mundo
14;2;endireitar;N;endireitar
14;3;Filhos;N;filho
14;4;paneleiragem;N;paneleiro
14;5;vida;n;vida
14;6;vai;v-fin;ir
14;7;entrar;v-inf;entrar
14;8;eixos;n;eixo
15;1;problema;n;problema
15;2;bichas;n;bicho
15;3;histéricas;adj;histérico
15;4;circenses;N;circense
15;5;querem;v-fin;querer
15;6;transformar;v-inf;transformar
15;7;mundo;n;mundo
15;8;desfile;N;desfile
15;9;malucas;adj;maluco
15;10;coloridas;v-pcp;colorir
16;1;Paneleirices;N;paneleiro
16;2;acima;adv;acima
16;3;competência;n;competência
16;4;mundo;n;mundo
16;5;vivemos;N;viver
16;6;hoje;adv;hoje
17;1;Homens;n;homem
17;2;vestidos;v-pcp;vestir
17;3;mulheres;n;homem
17;4;apenas;adv;apena
17;5;predadores;N;predador
17;6;sexuais;adj;sexual
17;7;doença;n;doença
17;8;psiquiátrica;adj;psiquiátrico
18;1;mulheres;n;homem
18;2;trans;N;tram
18;3;não;adv;não
18;4;mulheres;n;homem
18;5;homens;n;homem
18;6;vivem;v-fin;viver
18;7;fantasia;n;fantasia
18;8;mulheres;n;homem
19;1;Chega;v-fin;chegar
19;2;LGBT;N;lgbt
19;3;paneleiragem;N;paneleiro
19;4;devia;v-fin;dever
19;5;capada;N;capada
19;6;porcos;N;porco
20;1;Coitadinhos;N;coitado
20;2;aberrações;N;aberração
20;3;lugar;n;lugar
20;4;LGBT;N;lgbt
20;5;circo;n;circo
21;1;problema;n;problema
21;2;redes;n;rede
21;3;sociais;adj;social
21;4;reforçam;v-fin;reforçar
21;5;ideia;n;ideia
21;6;errada;v-pcp;errar
21;7;opinião;n;opinião
21;8;conta;n;conta
21;9;vida;n;vida
21;10;escolhas;n;escolha
21;11;políticas;adj;político
21;12;sociais;adj;social
21;13;sexuais;adj;sexual
21;14;culturais;adj;cultural
21;15;Sejam;N;sejam
21;16;felizes;adj;feliz
22;1;não;adv;não
22;2;andem;N;andem
22;3;dar;n;dar
22;4;palestras;n;palestra
22;5;crianças;n;criança
22;6;cinco;num;cinco
22;7;anos;n;ano
23;1;Sejam;N;sejam
23;2;quiserem;v-fin;querer
23;3;não;adv;não
23;4;preciso;adj;preciso
23;5;fazer;v-inf;fazer
23;6;manifestações;n;manifestaçõe
24;1;drama;n;drama
24;2;menos;adv;meno
24;3;faz;v-fin;fazer
24;4;quer;v-fin;querer
24;5;bem;adv;bem
24;6;apetece;v-fin;apetecer
24;7;não;adv;não
24;8;normal;adj;normal
24;9;não;adv;não
24;10;é.;N;é.
25;1;não;adv;não
25;2;reproduzem;N;reproduzem
26;1;xenofobia;N;xenofobia
26;2;coisas;n;coisa
26;3;provocadas;v-pcp;provocar
26;4;manifestações;n;manifestaçõe
26;5;quiserem;v-fin;querer
26;6;não;adv;não
26;7;precisam;v-fin;precisar
26;8;andar;v-inf;andar
26;9;manifestações;n;manifestaçõe
26;10;mostrar;v-inf;mostrar
26;11;fazem;v-fin;fazer
26;12;crianças;n;criança
26;13;meio;n;meio
26;14;Tenham;N;tenham
26;15;paciência;n;paciência
26;16;deixem;v-fin;deixar
26;17;animais;n;animal
26;18;paz;n;paz
27;1;não;adv;não
27;2;obriguem;v-fin;obrigar
27;3;assistir;v-inf;assistir
27;4;manifestações;n;manifestaçõe
27;5;gays;n;gay
27;6;façam;v-fin;façar
27;7;quiserem;v-fin;querer
28;1;Problemas;n;problema
28;2;mentais;adj;mental
28;3;tratados;v-pcp;tratar
28;4;não;adv;não
28;5;normalizados;N;normalizado
29;1;opinião;n;opinião
29;2;cremado;N;cremado
30;1;Não;adv;não
30;2;quero;v-fin;querer
30;3;saber;v-inf;saber
30;4;gosta;v-fin;gostar
30;5;Só;adv;só
30;6;não;adv;não
30;7;precisam;v-fin;precisar
30;8;coisas;n;coisa
30;9;especiais;adj;especial
31;1;Sejam;N;sejam
31;2;quiserem;v-fin;querer
31;3;Não;adv;não
31;4;façam;v-fin;façar
31;5;propaganda;n;propaganda
32;1;amor;n;amor
32;2;vencerá;N;vencerá
33;1;XX;adj;xx
33;2;apenas;adv;apena
34;1;natural;adj;natural
34;2;não;adv;não
34;3;precisavam;N;precisavam
34;4;bandeira;n;bandeira
34;5;identificarem;N;identificarem
35;1;Ah;N;ah
35;2;bom;adj;bom
35;3;mundo;n;mundo
35;4;solidário;adj;solidário
35;5;amoroso;N;amoroso
36;1;Certo;adj;certo
36;2;lá;adv;lá
36;3;homossexuais;N;homossexual
36;4;preciso;adj;preciso
36;5;andarem;N;andarem
36;6;vestidos;v-pcp;vestir
36;7;palhaços;N;palhaço
36;8;ligas;N;liga
36;9;top;adj;top
36;10;Hajam;N;hajam
36;11;juízo;n;juízo
36;12;vistam-;N;vistam
36;13;normalmente;adv;normalmente
36;14;gente;n;gente
36;15;roupas;n;roupa
36;16;homem;n;homem
36;17;mulher;n;homem
37;1;propaganda;n;propaganda
37;2;continua;v-fin;continuar
38;1;Não;adv;não
38;2;anti-LGBT;N;anti-lgbt
38;3;só;adv;só
38;4;argumento;n;argumento
38;5;naturalista;N;naturalista
38;6;animais;n;animal
38;7;existe;v-fin;existir
38;8;lei;n;lei
38;9;mais;adv;mal
38;10;forte;adj;forte
38;11;devemos;v-fin;dever
38;12;trazê-la;N;trazê-la
38;13;sociedade;n;sociedade
38;14;humana;adj;humano
38;15;Não;adv;não
38;16;pessoas;n;pessoa
38;17;só;adv;só
38;18;perceber;v-inf;perceber
38;19;ama;v-fin;amar
38;20;quer;v-fin;querer
38;21;preso;v-pcp;prender
38;22;sofrer;v-inf;sofrer
38;23;consequências;n;consequência
38;24;políticas;adj;político
39;1;Convenientemente;N;convenientemente
39;2;lembraram-;N;lembraram
39;3;agora;adv;agora
39;4;Agora;adv;agora
39;5;gays;n;gay
39;6;trans;N;tram
39;7;bi;N;bi
39;8;fluidos;N;fluido
39;9;moda;n;moda
39;10;certamente;adv;certamente
40;1;Infelizmente;adv;infelizmente
40;2;ainda;adv;ainda
40;3;pior;adj;mau
40;4;gente;n;gente
40;5;acha;v-fin;achar
40;6;direito;n;direito
40;7;intervir;v-inf;intervir
40;8;vida;n;vida
40;9;humano;adj;humano
41;1;Lá;adv;lá
41;2;legal;adj;legal
41;3;não;adv;não
41;4;quer;v-fin;querer
41;5;dizer;v-inf;dizer
41;6;normal;adj;normal
42;1;mais;adv;mal
42;2;viva;adj;vivo
42;3;liberdade;n;liberdade
42;4;direitos;n;direito
43;1;cores;n;cor
43;2;distúrbio;N;distúrbio
43;3;mental;adj;mental
44;1;heterofobia;N;heterofobia
44;2;mentira;n;mentira
44;3;reclamam;v-fin;reclamar
44;4;tanto;adv;tanto
44;5;bandeira;n;bandeira
44;6;Só;adv;só
44;7;acha;v-fin;achar
44;8;superior;adj;superior
44;9;acha;v-fin;achar
44;10;direitos;n;direito
44;11;exijo;N;exijo
44;12;bandeira;n;bandeira
44;13;portuguesa;adj;portuguÃª
44;14;Agora;adv;agora
44;15;bandeiras;n;bandeira
44;16;ideologias;N;ideologia
44;17;não;adv;não
45;1;Sim;adv;sim
45;2;tolerância;n;tolerância
45;3;sempre;adv;sempre
46;1;Digam;N;digam
46;2;não;adv;não
46;3;mutilação;N;mutilação
46;4;humanos;adj;humano
47;1;iguais;adj;igual
47;2;lei;n;lei
48;1;incomoda;N;incomoda
48;2;manifestação;n;manifestação
48;3;sexualidade;N;sexualidade
48;4;excluindo;v-ger;excluir
48;5;violência;n;violência
48;6;obviamente;adv;obviamente
48;7;ponto;n;ponto
48;8;quereres;N;querer
48;9;agredir;v-inf;agredir
48;10;ofender;v-inf;ofender
48;11;pessoa;n;pessoa
48;12;causa;n;causa
48;13;doente;adj;doente
48;14;precisa;v-fin;precisar
48;15;tratamento;n;tratamento
48;16;não;adv;não
48;17;olharmos;v-inf;olhar
48;18;sexualidade;N;sexualidade
48;19;prisma;N;prisma
48;20;amor;n;amor
48;21;preconceitos;N;preconceito
48;22;deixarão;v-fin;deixar
48;23;lugar;n;lugar
49;1;Feliz;N;feliz
49;2;Dia;n;dia
49;3;Internacional;N;internacional
49;4;Homofobia;N;homofobia
49;5;Bifobia;N;bifobia
49;6;Transfobia;N;transfobia
49;7;também;adv;também
50;1;anormal;N;anormal
50;2;virou;v-fin;virar
50;3;normal;adj;normal
50;4;mundo;n;mundo
50;5;mesmo;adv;mesmo
50;6;acabar;v-inf;acabar
51;1;Educar;N;educar
51;2;empatia;N;empatia
51;3;respeito;n;respeito
51;4;amor;n;amor
51;5;Basta;N;basta
52;1;Palhaçada;N;palhaçado
53;1;respeito;n;respeito
53;2;diferenças;n;diferença
53;3;base;n;base
53;4;sociedade;n;sociedade
53;5;mais;adv;mal
53;6;justa;adj;justo
54;1;mundo;n;mundo
54;2;possam;v-fin;poder
54;3;amar;N;amar
54;4;livremente;adv;livremente
55;1;direitos;n;direito
55;2;LGBTQ+;N;lgbtq+
55;3;direitos;n;direito
55;4;humanos;adj;humano
56;1;Celebrar;N;celebrar
56;2;Orgulho;N;orgulho
56;3;celebrar;N;celebrar
56;4;liberdade;n;liberdade
57;1;inclusão;n;inclusão
57;2;nÃ³s;N;nã³
57;3;torna-;v-fin;tornar
57;4;sociedade;n;sociedade
57;5;mais;adv;mal
57;6;rica;adj;rico
57;7;humana;adj;humano
58;1;diversidade;n;diversidade
58;2;maior;adj;grande
58;3;força;n;força
59;1;medo;n;medo
59;2;impeça;N;impeça
59;3;amor;n;amor
59;4;verdadeiro;adj;verdadeiro
60;1;vieste;N;vieste
60;2;ler;v-inf;ler
60;3;caixa;n;caixa
60;4;comentários;n;comentário
60;5;LGBTQIA+;N;lgbtqia+
60;6;estás;N;está
60;7;mal;adv;mal
60;8;mais;adv;mal
60;9;vez;n;vez
60;10;identidade;n;identidade
60;11;sexual;adj;sexual
60;12;insultada;N;insultado
60;13;comentários;n;comentário
60;14;ódio;n;ódio
60;15;lembra-;v-fin;lembrar
60;16;pessoas;n;pessoa
60;17;não;adv;não
60;18;literacia;N;literacia
60;19;não;adv;não
60;20;estudaram;N;estudaram
60;21;área;n;área
60;22;ciência;n;ciência
60;23;lado;n;lado
60;24;cá;adv;cá
60;25;pessoas;n;pessoa
60;26;lado;n;lado
60;27;certo.Nunca;N;certo.nunca
60;28;comento;N;comento
60;29;caixas;n;caixa
60;30;hoje;adv;hoje
60;31;dia;n;dia
60;32;LGBTQIAfobia;N;lgbtqiafobia
60;33;decidi;v-fin;decidir
60;34;abraço;n;abraço
60;35;local;n;local
60;36;cheio;adj;cheio
60;37;pontapés;N;pontapé
60;38;Não;adv;não
60;39;esqueças;N;esqueça
60;40;sê;N;sê
60;41;sempre;adv;sempre
60;42;mais;adv;mal
60;43;importante;adj;importante
60;44;sê;N;sê
60;45;feliz;adj;feliz
61;1;maluco;N;maluco
62;1;enfiou;v-fin;enfiar
62;2;armário;N;armário
62;3;Agora;adv;agora
62;4;não;adv;não
62;5;gay;adj;gay
62;6;fechar;v-inf;fechar
62;7;armário;N;armário
62;8;imposição;n;imposição
62;9;agenda;n;agenda
63;1;Tristes;N;triste
63;2;carentes;adj;carente
63;3;atenção;n;atenção
64;1;Querem;v-fin;querer
64;2;respeito;n;respeito
64;3;aceitação;n;aceitação
64;4;sociedade;n;sociedade
64;5;marcha;n;marcha
64;6;baixarias;n;baixaria
65;1;coisas;n;coisa
65;2;querem;v-fin;querer
65;3;afinal;adv;afinal
65;4;Promover;N;promover
65;5;incentivar;v-inf;incentivar
65;6;Ganhem;N;ganhem
65;7;juízo;n;juízo
66;1;Clown;N;clown
66;2;show;n;show
67;1;quer;v-fin;querer
67;2;saber;v-inf;saber
67;3;Sejam;N;sejam
67;4;felizes;adj;feliz
67;5;quiserem;v-fin;querer
67;6;só;adv;só
67;7;não;adv;não
67;8;venham;v-fin;vir
67;9;propaganda;n;propaganda
67;10;principalmente;adv;principalmente
67;11;crianças;n;criança
67;12;bem;adv;bem
67;13;Querem;v-fin;querer
67;14;Ok;N;ok
67;15;quer;v-fin;querer
67;16;saber;v-inf;saber
67;17;agora;adv;agora
67;18;deixem;v-fin;deixar
67;19;sossegado;N;sossegado
67;20;cantinho;n;canto
67;21;senão;adv;senão
67;22;maneira;n;maneira
67;23;vai;v-fin;ir
67;24;começar;v-inf;comer
67;25;manifestações;n;manifestaçõe
67;26;pessoas;n;pessoa
67;27;vai;v-fin;ir
67;28;criar;v-inf;criar
67;29;guerra;n;guerra
67;30;desnecessária;adj;desnecessária
68;1;entrevista;n;entrevista
68;2;coisa;n;coisa
68;3;cabelo;n;cabelo
68;4;cor-de-rosa;N;cor-de-roso
68;5;melhor;adj;melhor
68;6;sabiam;N;sabiam
69;1;Mais;adv;mal
69;2;circo;n;circo
70;1;Vivemos;v-fin;viver
70;2;sociedade;n;sociedade
70;3;livre;adj;livre
70;4;acho;v-fin;achar
70;5;muito;adv;muito
70;6;bem;adv;bem
70;7;Posso;N;posso
70;8;formar;v-inf;formar
70;9;orgulho;n;orgulho
70;10;hetero;N;hetero
70;11;vai;v-fin;ir
70;12;parecer;n;parecer
70;13;coisa;n;coisa
70;14;marchas;N;marcha
70;15;ridículas;N;ridícula
70;16;parecem;v-fin;parecer
71;1;facto;n;facto
71;2;tipo;n;tipo
71;3;eventos;n;evento
71;4;acontecer;v-inf;acontecer
71;5;prova;n;prova
71;6;não;adv;não
71;7;existe;v-fin;existir
71;8;necessidade;n;necessidade
71;9;acontecem;v-fin;acontecer
71;10;liberdade;n;liberdade
71;11;luta;n;luta
71;12;bocado;n;bocado
71;13;desnecessária;adj;desnecessária
71;14;quer;v-fin;querer
71;15;saber;v-inf;saber
71;16;vivam;N;vivam
71;17;vida;n;vida
71;18;respeitem;N;respeitem
71;19;serão;v-fin;serão
71;20;respeitados;v-pcp;respeitar
72;1;bichos;n;bicho
72;2;vão;v-fin;ir
72;3;acabar;v-inf;acabar
72;4;espécie;n;espécie
72;5;humana;adj;humano
72;6;fim;n;fim
72;7;mundo;n;mundo
72;8;chegar;v-inf;chegar
73;1;Orgulho;N;orgulho
73;2;parte;n;parte
73;3;não;adv;não
73;4;percebo;N;percebo
74;1;Parecem;v-fin;parecer
74;2;novelas;N;novela
75;1;Já;adv;já
75;2;chega;v-fin;chegar
75;3;não;adv;não
76;1;melhor;adj;melhor
76;2;fotos;n;foto
76;3;Afinal;adv;afinal
76;4;querem;v-fin;querer
76;5;amar;N;amar
76;6;quiserem;v-fin;querer
76;7;querem;v-fin;querer
76;8;andar;v-inf;andar
76;9;nus;adj;nu
76;10;rua;n;rua
77;1;Carnaval;n;carnaval
78;1;paneleirice;N;paneleiro
79;1;Orgulho;N;orgulho
79;2;perderam;v-fin;perder
79;3;vida;n;vida
79;4;legislação;n;legislação
79;5;feita;v-pcp;fazer
79;6;heterossexuais;N;heterossexual
80;1;muito;adv;muito
80;2;bonito;adj;bonito
80;3;desejamos;N;desejamo
80;4;futuro;n;futuro
81;1;Não;adv;não
81;2;voltam;v-fin;voltar
81;3;enfiar;N;enfiar
81;4;dentro;adv;dentro
81;5;armário;N;armário
81;6;orgulho;n;orgulho
81;7;primeira;adj;primeiro
81;8;fotografia;n;fotografia
81;9;namorado;n;namorado
81;10;celebração;n;celebração
81;11;amor;n;amor
81;12;existe;v-fin;existir
81;13;amor;n;amor
81;14;livre;adj;livre
81;15;orgulho;n;orgulho
81;16;descemos;N;descemo
81;17;Avenida;N;avenida
81;18;Liberdade;n;liberdade
81;19;mãos;n;mão
81;20;dadas;v-pcp;dar
81;21;segurar;v-inf;segurar
81;22;Arco-Íris;N;arco-íril
81;23;orgulho;n;orgulho
81;24;dizemos;v-fin;dizer
81;25;não;adv;não
81;26;voltam;v-fin;voltar
81;27;enfiar;N;enfiar
81;28;armário;N;armário
81;29;Depois;adv;depoil
81;30;anos;n;ano
81;31;agora;adv;agora
81;32;mais;adv;mal
81;33;nunca;adv;nunca
81;34;urgente;adj;urgente
81;35;marchar;v-inf;marchar
81;36;urgente;adj;urgente
81;37;dizer;v-inf;dizer
81;38;existimos;N;existimo
81;39;pessoas;n;pessoa
81;40;humanos;adj;humano
81;41;nomes;n;nome
81;42;altura;n;altura
81;43;novos;adj;novo
81;44;ultraconservadores;N;ultraconservador
81;45;escrevem;N;escrevem
81;46;frases;n;frase
81;47;rotulam;N;rotulam
81;48;anormais;N;anormal
81;49;doentes;adj;doente
81;50;urgente;adj;urgente
81;51;dizer;v-inf;dizer
81;52;não;adv;não
81;53;iguais;adj;igual
81;54;direito;n;direito
81;55;igualdade;n;igualdade
81;56;homossexualidade;N;homossexualidade
81;57;retirada;n;retirada
81;58;doença;n;doença
81;59;OMS;prop;om
81;60;Queremos;v-fin;querer
81;61;viver;v-inf;viver
81;62;vidas;n;vida
81;63;termos;n;termo
81;64;insultados;N;insultado
81;65;apenas;adv;apena
81;66;existimos;N;existimo
81;67;vida;n;vida
81;68;não;adv;não
81;69;existe;v-fin;existir
81;70;lugar;n;lugar
81;71;guerra;n;guerra
81;72;expressão;n;expressão
81;73;ódio;n;ódio
81;74;preconceito;n;preconceito
81;75;discriminação;n;discriminação
81;76;homofobia;N;homofobia
81;77;conceito;n;conceito
81;78;existir;v-inf;existir
81;79;mais;adv;mal
81;80;fácil;adj;fácil
81;81;entender;v-inf;entender
81;82;humanos;adj;humano
81;83;verbo;N;verbo
81;84;AMAR;N;amar
81;85;verbo;N;verbo
81;86;mais;adv;mal
81;87;desejado;N;desejado
81;88;conjugar;v-inf;conjugar
81;89;nascemos;N;nascemo
81;90;Marchamos;N;marchamo
81;91;voz;n;voz
81;92;amor;n;amor
81;93;respeito;n;respeito
81;94;Marchamos;N;marchamo
81;95;antes;adv;ant
81;96;marcharam;N;marcharam
81;97;disseram;v-fin;dizer
81;98;chega;v-fin;chegar
81;99;também;adv;também
81;100;merecemos;N;merecemo
81;101;respeito;n;respeito
81;102;Marchamos;N;marchamo
81;103;hoje;adv;hoje
81;104;saem;v-fin;sair
81;105;armário;N;armário
81;106;não;adv;não
81;107;medo;n;medo
81;108;não;adv;não
81;109;medo;n;medo
81;110;viver;v-inf;viver
81;111;sair;v-inf;sair
81;112;rua;n;rua
81;113;amar;N;amar
81;114;Passei;N;passei
81;115;demasiados;N;demasiado
81;116;anos;n;ano
81;117;sombra;n;sombra
81;118;ouvir;v-inf;ouvir
81;119;insultos;n;insulto
81;120;apenas;adv;apena
81;121;existo;N;existo
81;122;direito;n;direito
81;123;vida;n;vida
81;124;respeito;n;respeito
81;125;orgulho;n;orgulho
81;126;amar-;N;amar
81;127;viver;v-inf;viver
81;128;vida;n;vida
81;129;Diogo;N;diogo
81;130;mostraste;N;mostraste
81;131;amor;n;amor
81;132;ainda;adv;ainda
81;133;existe;v-fin;existir
81;134;vale;v-fin;valer
81;135;pena;n;pena
81;136;sermos;v-inf;sermo
81;137;felizes;adj;feliz
81;138;Amo-;N;amo
81;139;dias;n;dia
82;1;texto;n;texto
82;2;bonito;adj;bonito
82;3;orgulho;n;orgulho
82;4;amor;n;amor
82;5;sente;v-fin;sentir
82;6;pessoa;n;pessoa
82;7;louvável;adj;louvável
82;8;afinal;adv;afinal
82;9;amar;N;amar
82;10;amado;N;amado
82;11;muito;adv;muito
82;12;bom;adj;bom
82;13;amigos;n;amigo
82;14;amigas;n;amigo
82;15;homossexuais;N;homossexual
82;16;admiro;v-fin;admirar
82;17;respeito;n;respeito
82;18;nunca;adv;nunca
82;19;precisaram;v-fin;precisar
82;20;particularmente;adv;particularmente
82;21;marcha;n;marcha
82;22;orgulho;n;orgulho
82;23;gay;adj;gay
82;24;conseguirem;v-fin;conseguir
82;25;respeito;n;respeito
82;26;admiração;n;admiração
82;27;pessoas;n;pessoa
82;28;inclusive;adv;inclusive
82;29;dentro;adv;dentro
82;30;família;n;família
82;31;tipo;n;tipo
82;32;marcha;n;marcha
82;33;simplesmente;adv;simplesmente
82;34;virou;v-fin;virar
82;35;deboche;N;deboche
82;36;Querem;v-fin;querer
82;37;respeito;n;respeito
82;38;não;adv;não
82;39;respeitam;N;respeitam
82;40;baixaria;N;baixaria
82;41;não;adv;não
82;42;venham;v-fin;vir
82;43;dizer;v-inf;dizer
82;44;é.;N;é.
83;1;texto;n;texto
83;2;bonito;adj;bonito
83;3;orgulho;n;orgulho
83;4;amor;n;amor
83;5;sente;v-fin;sentir
83;6;pessoa;n;pessoa
83;7;louvável;adj;louvável
83;8;afinal;adv;afinal
83;9;amar;N;amar
83;10;amado;N;amado
83;11;muito;adv;muito
83;12;bom;adj;bom
83;13;amigos;n;amigo
83;14;amigas;n;amigo
83;15;homossexuais;N;homossexual
83;16;admiro;v-fin;admirar
83;17;respeito;n;respeito
83;18;nunca;adv;nunca
83;19;precisaram;v-fin;precisar
83;20;particularmente;adv;particularmente
83;21;marcha;n;marcha
83;22;orgulho;n;orgulho
83;23;gay;adj;gay
83;24;conseguirem;v-fin;conseguir
83;25;respeito;n;respeito
83;26;admiração;n;admiração
83;27;pessoas;n;pessoa
83;28;inclusive;adv;inclusive
83;29;dentro;adv;dentro
83;30;família;n;família
83;31;tipo;n;tipo
83;32;marcha;n;marcha
83;33;simplesmente;adv;simplesmente
83;34;virou;v-fin;virar
83;35;deboche;N;deboche
83;36;Querem;v-fin;querer
83;37;respeito;n;respeito
83;38;não;adv;não
83;39;respeitam;N;respeitam
83;40;baixaria;N;baixaria
83;41;não;adv;não
83;42;venham;v-fin;vir
83;43;dizer;v-inf;dizer
83;44;é.;N;é.
84;1;Estudar;N;estudar
84;2;história;n;história
84;3;comunidade;n;comunidade
84;4;LGBTQIA;N;lgbtqia
84;5;perceber;v-inf;perceber
84;6;motivo;n;motivo
84;7;iniciou;v-fin;iniciar
84;8;primeira;adj;primeiro
84;9;marcha;n;marcha
84;10;importante;adj;importante
84;11;Não;adv;não
84;12;vivemos;N;viver
84;13;bolha;n;bolha
84;14;amigos;n;amigo
84;15;não;adv;não
84;16;precisam;v-fin;precisar
84;17;marchar;v-inf;marchar
84;18;garantido;v-pcp;garantir
84;19;conquistado;v-pcp;conquistar
84;20;anos;n;ano
84;21;luta;n;luta
84;22;marcha;n;marcha
84;23;mundo;n;mundo
84;24;não;adv;não
84;25;tornou;v-fin;tornar
84;26;fantasia;n;fantasia
84;27;dois;num;doil
84;28;segundos;n;segundo
84;29;viverem;N;viverem
84;30;coisas;n;coisa
84;31;acontecem;v-fin;acontecer
84;32;dentro;adv;dentro
84;33;contexto;n;contexto
84;34;Relativamente;N;relativamente
84;35;termo;n;termo
84;36;deboche;N;deboche
84;37;aconselho;N;aconselho
84;38;verificar;v-inf;verificar
84;39;significado;n;significado
84;40;palavra;n;palavra
84;41;educação;n;educação
84;42;respeito;n;respeito
84;43;estão;v-fin;estão
84;44;disponíveis;adj;disponívil
84;45;dicionário;n;dicionário
84;46;senso;n;senso
84;47;comum;adj;comum
84;48;moral;adj;moral
85;1;amigos;n;amigo
85;2;nunca;adv;nunca
85;3;precisaram;v-fin;precisar
85;4;muito;adv;muito
85;5;bom;adj;bom
85;6;inegável;N;inegável
85;7;dar;v-inf;dar
85;8;primeiro;adj;primeiro
85;9;passo;n;passo
85;10;defesa;n;defesa
85;11;direitos;n;direito
85;12;gente;n;gente
85;13;lançou-;v-fin;lançou
85;14;frente;n;frente
85;15;dar;v-inf;dar
85;16;visibilidade;n;visibilidade
85;17;gente;n;gente
85;18;sofreu;v-fin;sofrer
85;19;pele;n;pele
85;20;discriminação;n;discriminação
85;21;ódio;n;ódio
85;22;tortura;n;tortura
85;23;prisão;n;prisão
85;24;violência;n;violência
85;25;morte;n;morte
85;26;amigos;n;amigo
85;27;gozarem;N;gozarem
85;28;agora;adv;agora
85;29;estado;n;estado
85;30;graça;n;graça
85;31;Posso;N;posso
85;32;dizer;v-inf;dizer
85;33;razões;n;razõe
85;34;diversas;adj;diverso
85;35;nunca;adv;nunca
85;36;participei;v-fin;participar
85;37;ainda;adv;ainda
85;38;evento;n;evento
85;39;necessário;adj;necessário
85;40;Infelizmente;adv;infelizmente
85;41;ainda;adv;ainda
85;42;é.;N;é.
85;43;Basta;N;basta
85;44;ver;v-inf;ver
85;45;vai;v-fin;ir
85;46;mundo;n;mundo
85;47;Não;adv;não
85;48;bonito;adj;bonito
85;49;cuspir;N;cuspir
85;50;prato;N;prato
85;51;come;v-fin;comer
85;52;gente;n;gente
85;53;faz;v-fin;fazer
85;54;alto;n;alto
85;55;presunção;N;presunção
85;56;conquistas;n;conquista
85;57;derivam;v-fin;derivar
85;58;suor;n;suor
85;59;mais;adv;mal
85;60;respeito;n;respeito
85;61;marchas;N;marcha
85;62;não;adv;não
85;63;velório;n;velório
85;64;fazerem;v-inf;fazer
85;65;respeitar;N;respeitar
85;66;mais;adv;mal
85;67;desrespeitadas;N;desrespeitado
85;68;ousadia;n;ousadia
85;69;pessoas;n;pessoa
85;70;optam;v-fin;optar
85;71;expressar;N;expressar
85;72;forma;n;forma
85;73;entendem;v-fin;entender
85;74;mais;adv;mal
85;75;adequada;v-pcp;adequar
85;76;ponto;n;ponto
85;77;vista;n;vista
85;78;passar;v-inf;passar
85;79;mensagem;n;mensagem
85;80;Deixemos;N;deixemo
85;81;ajuizar;N;ajuizar
85;82;forma;n;forma
85;83;lutas;N;luta
85;84;coletivas;N;coletivo
85;85;também;adv;também
85;86;individuais;adj;individual
86;1;Acho;v-fin;achar
86;2;todo;adv;todo
86;3;direito;n;direito
86;4;manifestar;v-inf;manifestar
86;5;não;adv;não
86;6;interfiram;N;interfiram
86;7;direito;n;direito
86;8;heterossexual;N;heterossexual
86;9;opinião;n;opinião
86;10;aqui;adv;aqui
86;11;fico;N;fico
87;1;Exibicionismo;N;exibicionismo
88;1;Agora;adv;agora
88;2;falta;v-fin;faltar
88;3;marcha;n;marcha
88;4;heteros;N;hetero
88;5;lol;N;lol
88;6;forma;n;forma
88;7;não;adv;não
88;8;preciso;adj;preciso
88;9;esfregar;v-inf;esfregar
88;10;marchas;N;marcha
88;11;não;adv;não
88;12;servem;v-fin;servir
89;1;Não;adv;não
89;2;opção;n;opção
89;3;já;adv;já
89;4;dito;v-pcp;dizer
89;5;repetido;v-pcp;repetir
89;6;centenas;n;centena
89;7;vezes;n;vez
89;8;estivesses;N;estivesse
89;9;atento;adj;atento
89;10;não;adv;não
89;11;usavas;N;usavo
89;12;mal;adv;mal
89;13;termos;n;termo
89;14;não;adv;não
89;15;caso;n;caso
89;16;opção;n;opção
89;17;pessoas;n;pessoa
89;18;não;adv;não
89;19;é.;N;é.
89;20;característica;n;característico
89;21;nasce;v-fin;nascer
90;1;Palhaçada;N;palhaçado
90;2;fazerem;v-inf;fazer
90;3;marcha;n;marcha
90;4;aparecerem;N;aparecerem
90;5;média;n;média
91;1;Sejam;N;sejam
91;2;lá;adv;lá
91;3;felizes;adj;feliz
91;4;não;adv;não
91;5;chateiem;N;chateiem
92;1;tristes;adj;triste
93;1;lema;n;lema
93;2;verdadeiro;adj;verdadeiro
93;3;simples;adj;simpl
93;4;facto;n;facto
93;5;não;adv;não
93;6;cabe;v-fin;caber
93;7;mais;adv;mal
93;8;armário;N;armário
93;9;lema;n;lema
93;10;deveria;v-fin;dever
93;11;saiam;N;saiam
93;12;armário;N;armário
93;13;enfrentem;N;enfrentem
93;14;preconceito;n;preconceito
93;15;gente;n;gente
93;16;cá;adv;cá
93;17;disposta;v-pcp;dispor
93;18;vÃ³s;N;vã³
93;19;acolher-;N;acolher
93;20;Libertem-;N;libertem
94;1;frente;n;frente
94;2;Ucrânia;prop;ucrânia
94;3;lindo;N;lindo
95;1;Misturar;N;misturar
95;2;temas;n;tema
95;3;apenas;adv;apena
95;4;não;adv;não
95;5;capacidade;n;capacidade
95;6;cognitiva;N;cognitivo
95;7;perceber;v-inf;perceber
95;8;facto;n;facto
95;9;grupo;n;grupo
95;10;merecer;v-inf;merecer
95;11;liberdade;n;liberdade
95;12;não;adv;não
95;13;invalida;N;invalido
95;14;necessidade;n;necessidade
95;15;liberdade;n;liberdade
96;1;Gente;n;gente
96;2;não;adv;não
96;3;plástico;n;plástico
96;4;desculpa;n;desculpa
96;5;lá;adv;lá
96;6;cabelo;n;cabelo
96;7;mãe;n;mãe
96;8;fez-;v-fin;fazer
96;9;assim;adv;assim
96;10;feito;v-pcp;fazer
96;11;China;prop;china
96;12;daí;N;daí
96;13;tão;adv;tão
96;14;besta;N;besta
96;15;poliéster;N;poliéster
97;1;peruca;N;peruca
98;1;Cala-;N;cala
98;2;peruca;N;peruca
98;3;disse;v-fin;dizer
99;1;ideia;n;ideia
99;2;geral;adj;geral
99;3;jeito;n;jeito
99;4;tropa;n;tropa
99;5;agora;adv;agora
99;6;digam-;N;digam
99;7;iria;v-fin;iria
99;8;ficar;v-inf;ficar
99;9;peruca;N;peruca
99;10;caso;n;caso
99;11;tropa;n;tropa
100;1;Parvoíce;N;parvoíce
101;1;Não;adv;não
101;2;aqui;adv;aqui
101;3;interessado;n;interessado
101;4;organizar;v-inf;organizar
101;5;Tuga;N;tuga
101;6;Pride;N;pride
101;7;White;prop;white
101;8;Pride;N;pride
101;9;Not;N;not
101;10;Competitive;N;competitive
101;11;People;N;people
101;12;Pride;N;pride
101;13;Catolican;N;catolican
101;14;Pride;N;pride
101;15;enfim;adv;enfim
101;16;corre;v-fin;correr
101;17;sérios;adj;sério
101;18;riscos;n;risco
101;19;mundo;n;mundo
101;20;pós-moderno;N;pós-moderno
101;21;modo;n;modo
101;22;lutar;v-inf;lutar
101;23;agenda;n;agenda
101;24;impositiva;N;impositivo
101;25;doente;adj;doente
101;26;orgulho;n;orgulho
101;27;não;adv;não
101;28;escolhe;N;escolhe
101;29;muito;adv;muito
101;30;frente;n;frente
102;1;concordo;N;concordo
102;2;totalmente;adv;totalmente
102;3;lésbicas;N;lésbico
102;4;mulher;n;homem
102;5;também;adv;também
102;6;lésbica;adj;lésbico
102;7;mulheres;n;homem
102;8;maravilhosas;N;maravilhoso
103;1;só;adv;só
103;2;comentários;n;comentário
103;3;merda;n;merda
103;4;Tristeza;N;tristeza
103;5;mentalidades;N;mentalidade
104;1;Orgulho;N;orgulho
104;2;ir;v-inf;ir
104;3;inferno;n;inferno
105;1;Espalhar;N;espalhar
105;2;ódio;n;ódio
105;3;financia;N;financia
106;1;pergunta;n;pergunta
107;1;Espalhar;N;espalhar
107;2;amor;n;amor
107;3;liberdade;n;liberdade
107;4;amar;N;amar
107;5;interpretação;n;interpretação
107;6;Então;adv;então
107;7;correta;N;correto
107;8;Amar;N;amar
107;9;não;adv;não
107;10;preço;n;preço
107;11;financiou;N;financiou
107;12;poder;v-inf;poder
107;13;andar;v-inf;andar
107;14;mão;n;mão
107;15;dada;v-pcp;dar
107;16;amo;v-fin;amar
108;1;Precisam;N;precisam
108;2;provar;v-inf;provar
108;3;amam;N;amam
108;4;bonecos;n;boneco
109;1;Só;adv;só
109;2;preconceito;n;preconceito
109;3;depois;adv;depoil
109;4;perguntam;N;perguntam
109;5;marchas;N;marcha
110;1;só;adv;só
110;2;bexice;N;bexice
111;1;comentários;n;comentário
111;2;retrógrados;N;retrógrado
111;3;hipócritas;N;hipócra
111;4;homens;n;homem
111;5;família;n;família
111;6;mundo;n;mundo
111;7;ficar;v-inf;ficar
111;8;muito;adv;muito
111;9;chato;N;chato
112;1;Querem;v-fin;querer
112;2;impor;v-inf;impor
112;3;ideologia;n;ideologia
112;4;perversa;adj;perverso
112;5;vivam;N;vivam
112;6;vida;n;vida
112;7;querem;v-fin;querer
112;8;deixem;v-fin;deixar
112;9;crianças;n;criança
112;10;paz;n;paz
113;1;Carnaval;n;carnaval
113;2;julho;n;julho
113;3;esquisito;N;esquisito
114;1;BANDO;N;bando
114;2;RIDÍCULOS;N;ridículo
115;1;Devemos;v-fin;dever
115;2;sempre;adv;sempre
115;3;queremos;v-fin;querer
116;1;Agora;adv;agora
116;2;carnaval;n;carnaval
116;3;fins;n;fim
116;4;semana;n;semana
116;5;matrafonas;N;matrafÃ£o
117;1;horror;n;horror
118;1;Abriram;N;abriram
118;2;portas;n;porta
118;3;manicómio;N;manicómio
118;4;perderam;v-fin;perder
118;5;chaves;n;chave
118;6;paciência;n;paciência
118;7;manifestam;v-fin;manifestar
118;8;Já;adv;já
118;9;não;adv;não
118;10;fazem;v-fin;fazer
118;11;dizem;v-fin;dizer
118;12;então;adv;então
119;1;fazer;v-inf;fazer
119;2;filhos;n;filho
119;3;quieto;N;quieto
119;4;importar;v-inf;importar
119;5;geração;n;geração
120;1;Excelente;N;excelente
120;2;heterossexuais;N;heterossexual
120;3;vÃ³s;N;vã³
121;1;Narcisismo;N;narcisismo
121;2;exacerbado;N;exacerbado
122;1;palhaçada;N;palhaçado
123;1;Vergonha;N;vergonha
123;2;comentários;n;comentário
124;1;comentários;n;comentário
124;2;post;N;post
124;3;mostram;v-fin;mostrar
124;4;porquê;adv;porquê
124;5;necessidade;n;necessidade
124;6;Pride;N;pride
125;1;Amor;N;amor
126;1;Parece;v-fin;parecer
126;2;carnaval;n;carnaval
127;1;Siga;N;sigo
127;2;frente;n;frente
127;3;Ucrânia;prop;ucrânia
128;1;Vivaaaaaaa;N;vivaaaaaaa
129;1;Pois;adv;poil
129;2;já;adv;já
129;3;não;adv;não
129;4;pedófilo;N;pedófilo
129;5;sexualmente;N;sexualmente
129;6;atraído;v-pcp;atrair
129;7;menores;adj;pequeno
130;1;Fuck;N;fuck
130;2;yeah;N;yeah
131;1;boa;adj;bom
131;2;coisa;n;coisa
131;3;não;adv;não
131;4;reproduzem;N;reproduzem
132;1;armário;N;armário
132;2;ofensa;N;ofensa
132;3;valores;n;valor
132;4;humanidade;n;humanidade
132;5;raios;N;raio
132;6;partam;N;partam
133;1;Ide;N;ide
133;2;trabalhar;v-inf;trabalhar
133;3;pagar;v-inf;pagar
133;4;terapia;n;terapia
133;5;precisais;N;precisal
133;6;vivam;N;vivam
133;7;quiserem;v-fin;querer
133;8;impor;v-inf;impor
133;9;vossas;N;vossa
133;10;vontades;N;vontade
133;11;decisões;n;decisõe
133;12;paranoias;N;paranoia
133;13;CHEGA;N;chega
133;14;atirar;v-inf;atirar
133;15;choros;N;choro
133;16;limita;v-fin;limitar
133;17;simplesmente;adv;simplesmente
133;18;punir;v-inf;punir
133;19;mundo;n;mundo
133;20;desordem;N;desordem
133;21;psíquica;N;psíquico
134;1;não;adv;não
134;2;ligação;n;ligação
134;3;direta;adj;direto
134;4;LGBT;N;lgbt
134;5;possível;adj;possível
134;6;respeitar;N;respeitar
134;7;vez;n;vez
134;8;ligado;v-pcp;ligar
134;9;então;adv;então
134;10;não;adv;não
135;1;Deficientes;N;deficiente
136;1;quer;v-fin;querer
136;2;enfiar;N;enfiar
136;3;lugar;n;lugar
136;4;Tratem-;N;tratem
136;5;apenas;adv;apena
136;6;pior;adj;mau
136;7;doente;adj;doente
136;8;não;adv;não
136;9;quer;v-fin;querer
136;10;tratar;v-inf;tratar
137;1;doença;n;doença
137;2;mental;adj;mental
137;3;retiraram-;N;retiraram
137;4;doença;n;doença
137;5;mental;adj;mental
137;6;claramente;adv;claramente
137;7;dúvida;n;dúvido
137;8;doença;n;doença
137;9;mental;adj;mental
137;10;grave;adj;grave
137;11;desvio;n;desvio
137;12;personalidade;n;personalidade
138;1;Aberrações;N;aberração
138;2;bicos;N;bico
138;3;pés;n;pé
138;4;não;adv;não
138;5;passam;v-fin;passar
138;6;circo;n;circo
138;7;manifestarem;N;manifestarem
138;8;preferências;n;preferência
138;9;cama;n;cama
138;10;Felizmente;N;felizmente
138;11;assim;adv;assim
138;12;critique;N;critique
138;13;espetáculo;n;espetáculo
138;14;Tristes;N;triste
139;1;não;adv;não
139;2;medo;n;medo
139;3;vergonha;n;vergonha
139;4;incomoda;N;incomoda
139;5;rabo;N;rabo
139;6;preso;v-pcp;prender
140;1;Fds;N;fd
140;2;Tomara;N;tomaro
140;3;fizessem;N;fizessem
140;4;genocídio;N;genocídio
140;5;vez;n;vez
140;6;manifestações;n;manifestaçõe
